dependent,coef_log_revenue,se_log_revenue,pvalue_log_revenue,n,r2
disclosure_depth,0.017526344233442237,0.08127555381344465,0.8292675699178679,69,0.07368225528890304
is_substantive,0.0,0.0,,69,
is_transitional_or_better,0.024636193620452766,0.04551877502520755,0.5883480473846332,69,0.08202187215842138
is_symbolic_or_better,-0.007109849387010515,0.05539737170147369,0.8978777586448021,69,0.0862611351484025
