Variable,VIF
const,385.5537893682169
mean_signal_score,1.0391109827733604
log_revenue,1.0391109827733604
